<?xml version="1.0" encoding="utf-8"?>
<!DOCTYPE Messages [
    <!ELEMENT Messages (Package*)>

    <!ELEMENT Package (Error*)>
    <!ATTLIST Package ID CDATA #REQUIRED>
    <!ATTLIST Package DefaultComponent CDATA #REQUIRED>

    <!ELEMENT Error (#PCDATA)>
    <!ATTLIST Error Key ID #REQUIRED>
    <!ATTLIST Error Component CDATA #IMPLIED>
    <!ATTLIST Error NativeErrorCode CDATA #REQUIRED>
    <!ATTLIST Error Params CDATA "0">
]>

<Messages>
    <!-- Package ID corresponds to the PGO_ERROR constant defined in PostgreSQLODBC.h -->
    <Package ID="101" DefaultComponent="RedShift ODBC">
        <!-- Error thrown when result set traversal direction is not supported. -->
        <Error Key="PGOResultSetTraverseDirNotSupported" NativeErrorCode="3">Result set traversal direction is not supported.</Error>

        <!-- Error thrown when an error occurs while trying to connect. -->
        <Error Key="PGOConnectionError" Params="1" NativeErrorCode="10">Error occurred while trying to connect: %1%</Error>

        <!-- Error thrown when an error occurs while trying to prepare. -->
        <Error Key="PGOPrepareError" Params="1" NativeErrorCode="20">Error occurred while trying to prepare a query: %1%</Error>

        <!-- Error thrown when an error occurs when execution of a query fails. -->
        <Error Key="PGOExecuteError" Params="1" NativeErrorCode="30">Error occurred while trying to execute a query: %1%</Error>

        <!-- Error thrown when an error occurs when an unknown data type is used. -->
        <Error Key="PGOUnknownType" Params="2" NativeErrorCode="40">Unknown data type: %1% at column %2%.</Error>

      <!-- Configuration dialog error messages. -->
        <!-- Error thrown when an unknown error occurs while trying to connect. -->
        <!-- Error thrown when an error occurs while trying to load a string resource for the dialog. -->
        <Error Key="PGOStringResourceError" Params="1" NativeErrorCode="1020">String resource %1% not found.</Error>

        <!-- Error thrown when an error occurs while trying to load a cursor resource.. -->
        <Error Key="PGOCursorResourceError" Params="1" NativeErrorCode="1030">An error occurred while attempting to load a cursor: %1%</Error>

        <!-- Error thrown when an error occurs while trying to load a cursor resource.. -->
        <Error Key="SSLModeInvalidError" Params="0" NativeErrorCode="50">An invalid SSL Mode was provided</Error>

        <!-- Error thrown if the connection is dead -->
        <Error Key="PGOConnectionDead" Params="1" NativeErrorCode="50">The connection has timed out, please reconnect. Current connection status is: %1%</Error>

        <!-- Error thrown if the cancel request failed -->
        <Error Key="PGOCancelError" Params="1" NativeErrorCode="60">The cancel request failed: %1%</Error>

        <!-- Error thrown when connecting with an empty value for a Required setting. -->
        <Error Key="PGOEmptyKeyError" Params="1" NativeErrorCode="70">Cannot establish a connection with empty %1%.</Error>

        <!-- Error thrown when enable more than one mode -->
        <Error Key="PGOOptionsGetResultSetsWarning" Params="2" NativeErrorCode="80">Cannot set both %1% and %2% to 1</Error>

        <!-- Errors thrown when insert value is out of bound -->
        <Error Key="PGOOptionsValueOutOfRangeWarning" Params="1" NativeErrorCode="90">%1% is out of range. Insert value should be between 1 and 2147483647</Error>

        <Error Key="PGOIAMDurationValueOutOfRangeWarning" Params="0" NativeErrorCode="1040">IAM Duration is out of range. Insert value should be between 900 and 3600</Error>

        <!-- Error thrown when encryption method is not supported-->
        <Error Key="PGOUnsupportedEncryptionMethod" Params="1" NativeErrorCode="100">Encryption method is not supported: %1%</Error>

        <!-- Error thrown when encryption method is not supported (suberror of PGOUnsupportedEncryptionMethod) -->
        <Error Key="PGOUnsupportedEncryptionMethodDPAPIIsWindowsOnly" Params="1" NativeErrorCode="100">Encryption method is not supported: %1%. DPAPI Encryption is only supported on Windows.</Error>

        <!-- Error thrown when an error occurs while trying to encrypt data. -->
        <Error Key="PGOEncryptError" Params="1" NativeErrorCode="110">An error occurred while attempting to encrypt data: %1%</Error>

        <!-- Error thrown when an error occurs while trying to decrypt data. -->
        <Error Key="PGODecryptError" Params="1" NativeErrorCode="120">Failed to decrypt data: %1%</Error>

        <!-- Error thrown when we cannot load an IAM external helper plugin. -->
        <Error Key="PGOIamPluginLoadError" Params="1" NativeErrorCode="130">Failed to load IAM external plugin: %1%</Error>

                <!-- Error thrown when an error occurs while trying to interact with statement. -->
        <Error Key="PGOConcurrentStatementError" Params="0" NativeErrorCode="140">Error occurred while trying to run statement: a statement is already in progress</Error>
        <Error Key="PGOReleaseStatementLockError" Params="0" NativeErrorCode="141">Error occurred while trying to release the statement lock</Error>
      
    </Package>
</Messages>
