<?xml version="1.0" encoding="utf-8"?>
<!DOCTYPE Messages [
  <!ELEMENT Messages (Package*)>

  <!ELEMENT Package (Error*)>
  <!ATTLIST Package ID CDATA #REQUIRED>
  <!ATTLIST Package DefaultComponent CDATA #REQUIRED>

  <!ELEMENT Error (#PCDATA)>
  <!ATTLIST Error Key ID #REQUIRED>
  <!ATTLIST Error Component CDATA #IMPLIED>
  <!ATTLIST Error NativeErrorCode CDATA #REQUIRED>
  <!ATTLIST Error Params CDATA "0">
]>

<Messages>
    <!-- Package DS_ERROR. ID corresponds to the DS_ERROR constant defined in DriverSupport.h -->
    <Package ID="860" DefaultComponent="DriverIAMSupport">
        <!-- Error thrown when an error occurs while trying to load a string resource for the dialog. -->
        <Error Key="IAMConnectionError" Params="1" NativeErrorCode="8600">Connection Error: %1%</Error>
        
        <!-- Error thrown when Unauthorized response received while sending request to the specified server. -->
        <Error Key="IAMHttpUnauthorizedError" Params="1" NativeErrorCode="8601">Unauthorized error received when sending request to server: %1%</Error>

        <!-- Error thrown when an error occurred while sending request to the specified server. -->
        <Error Key="IAMHttpRequestError" Params="2" NativeErrorCode="8602">Error occurred when sending request to server %1%. Error: %2%</Error>
    </Package>
</Messages>
